{"cameraMode":{"drawMode":0,"name":"Shaded","section":"Shading Mode"},"sceneLighting":false,"audioPlay":false,"sceneViewState":{"m_AlwaysRefresh":false,"showFog":false,"showSkybox":false,"showFlares":false,"showImageEffects":false,"showParticleSystems":false,"showVisualEffectGraphs":true,"m_FxEnabled":true},"in2DMode":false,"pivot":{"x":0.0000018477439880371094,"y":1.5599751472473145,"z":0.016342580318450929},"rotation":{"x":-0.30726224184036257,"y":0.00634752307087183,"z":-0.0020678266882896425,"w":-0.9516530632972717},"size":1.5077990293502808,"orthographic":false}