{"cameraMode":{"drawMode":0,"name":"Shaded","section":"Shading Mode"},"sceneLighting":false,"audioPlay":false,"sceneViewState":{"m_AlwaysRefresh":false,"showFog":true,"showSkybox":false,"showFlares":true,"showImageEffects":true,"showParticleSystems":true,"showVisualEffectGraphs":true,"m_FxEnabled":true},"in2DMode":false,"pivot":{"x":0.17513370513916017,"y":1.4998613595962525,"z":2.748964309692383},"rotation":{"x":0.029537497088313104,"y":0.9700841307640076,"z":-0.15586639940738679,"w":0.18379303812980653},"size":8.260209083557129,"orthographic":false}